code,up_factor
STOCK_0001,0.9653333333333334
STOCK_0002,0.558
STOCK_0003,0.36533333333333334
STOCK_0004,0.07066666666666667
STOCK_0005,0.6813333333333333
STOCK_0006,0.14666666666666667
STOCK_0007,0.589
STOCK_0008,0.5633333333333334
STOCK_0009,0.37133333333333335
STOCK_0010,0.684
STOCK_0011,0.8426666666666667
STOCK_0012,0.6456666666666667
STOCK_0013,0.9966666666666667
STOCK_0014,0.08666666666666667
STOCK_0015,0.7856666666666666
STOCK_0016,0.042
STOCK_0017,0.9576666666666667
STOCK_0018,0.3526666666666667
STOCK_0019,0.194
STOCK_0020,0.8556666666666667
STOCK_0021,0.233
STOCK_0022,0.8813333333333333
STOCK_0023,0.205
STOCK_0024,0.36333333333333334
STOCK_0025,0.45866666666666667
STOCK_0026,0.9346666666666666
STOCK_0027,0.22733333333333333
STOCK_0028,0.332
STOCK_0029,0.824
STOCK_0030,0.10133333333333333
STOCK_0031,0.268
STOCK_0032,0.12633333333333333
STOCK_0033,0.15333333333333332
STOCK_0034,0.82
STOCK_0035,0.6893333333333334
STOCK_0036,0.196
STOCK_0037,0.5246666666666666
STOCK_0038,0.5406666666666666
STOCK_0039,0.20066666666666666
STOCK_0040,0.14133333333333334
STOCK_0041,0.15466666666666667
STOCK_0042,0.21666666666666667
STOCK_0043,0.24766666666666667
STOCK_0044,0.8986666666666666
STOCK_0045,0.7533333333333333
STOCK_0046,0.8023333333333333
STOCK_0047,0.386
STOCK_0048,0.603
STOCK_0049,0.19066666666666668
STOCK_0050,0.5496666666666666
STOCK_0051,0.4726666666666667
STOCK_0052,0.19466666666666665
STOCK_0053,0.7046666666666667
STOCK_0054,0.784
STOCK_0055,0.702
STOCK_0056,0.76
STOCK_0057,0.07933333333333334
STOCK_0058,0.98
STOCK_0059,0.44733333333333336
STOCK_0060,0.034
STOCK_0061,0.03333333333333333
STOCK_0062,0.43033333333333335
STOCK_0063,0.318
STOCK_0064,0.7796666666666666
STOCK_0065,0.564
STOCK_0066,0.602
STOCK_0067,0.9073333333333333
STOCK_0068,0.5913333333333334
STOCK_0069,0.696
STOCK_0070,0.7466666666666667
STOCK_0071,0.7576666666666667
STOCK_0072,0.8246666666666667
STOCK_0073,0.9833333333333333
STOCK_0074,0.5306666666666666
STOCK_0075,0.25933333333333336
STOCK_0076,0.6686666666666666
STOCK_0077,0.7796666666666666
STOCK_0078,0.4666666666666667
STOCK_0079,0.8286666666666667
STOCK_0080,0.2976666666666667
STOCK_0081,0.2853333333333333
STOCK_0082,0.75
STOCK_0083,0.144
STOCK_0084,0.5353333333333333
STOCK_0085,0.914
STOCK_0086,0.6513333333333333
STOCK_0087,0.8643333333333333
STOCK_0088,0.048666666666666664
STOCK_0089,0.4046666666666667
STOCK_0090,0.21533333333333332
STOCK_0091,0.9673333333333334
STOCK_0092,0.8393333333333334
STOCK_0093,0.17066666666666666
STOCK_0094,0.036
STOCK_0095,0.010666666666666666
STOCK_0096,0.15066666666666667
STOCK_0097,0.242
STOCK_0098,0.9233333333333333
STOCK_0099,0.25633333333333336
STOCK_0100,0.4613333333333333
STOCK_0101,0.7566666666666667
STOCK_0102,0.24666666666666667
STOCK_0103,0.13266666666666665
STOCK_0104,0.6656666666666666
STOCK_0105,0.6983333333333334
STOCK_0106,0.4756666666666667
STOCK_0107,0.8946666666666667
STOCK_0108,0.26466666666666666
STOCK_0109,0.4673333333333333
STOCK_0110,0.09533333333333334
STOCK_0111,0.119
STOCK_0112,0.24066666666666667
STOCK_0113,0.9053333333333333
STOCK_0114,0.8843333333333333
STOCK_0115,0.36
STOCK_0116,0.3016666666666667
STOCK_0117,0.242
STOCK_0118,0.854
STOCK_0119,0.656
STOCK_0120,0.14966666666666667
STOCK_0121,0.709
STOCK_0122,0.12633333333333333
STOCK_0123,0.432
STOCK_0124,0.13733333333333334
STOCK_0125,0.9426666666666667
STOCK_0126,0.5703333333333334
STOCK_0127,0.32366666666666666
STOCK_0128,0.18933333333333333
STOCK_0129,0.652
STOCK_0130,0.18566666666666667
STOCK_0131,0.7486666666666667
STOCK_0132,0.62
STOCK_0133,0.888
STOCK_0134,0.623
STOCK_0135,0.2633333333333333
STOCK_0136,0.5686666666666667
STOCK_0137,0.054
STOCK_0138,0.81
STOCK_0139,0.878
STOCK_0140,0.04066666666666666
STOCK_0141,0.5413333333333333
STOCK_0142,0.6353333333333333
STOCK_0143,0.6136666666666667
STOCK_0144,0.6486666666666666
STOCK_0145,0.246
STOCK_0146,0.738
STOCK_0147,0.37933333333333336
STOCK_0148,0.7126666666666667
STOCK_0149,0.5053333333333333
STOCK_0150,0.31366666666666665
STOCK_0151,0.842
STOCK_0152,0.8363333333333334
STOCK_0153,0.5286666666666666
STOCK_0154,0.528
STOCK_0155,0.537
STOCK_0156,0.8806666666666667
STOCK_0157,0.138
STOCK_0158,0.5713333333333334
STOCK_0159,0.05333333333333334
STOCK_0160,0.6813333333333333
STOCK_0161,0.91
STOCK_0162,0.7236666666666667
STOCK_0163,0.5466666666666666
STOCK_0164,0.9953333333333333
STOCK_0165,0.6953333333333334
STOCK_0166,0.496
STOCK_0167,0.9446666666666667
STOCK_0168,0.7306666666666667
STOCK_0169,0.9786666666666667
STOCK_0170,0.6113333333333333
STOCK_0171,0.124
STOCK_0172,0.35
STOCK_0173,0.10533333333333333
STOCK_0174,0.428
STOCK_0175,0.6006666666666667
STOCK_0176,0.23466666666666666
STOCK_0177,0.916
STOCK_0178,0.7593333333333333
STOCK_0179,0.8276666666666667
STOCK_0180,0.272
STOCK_0181,0.35433333333333333
STOCK_0182,0.54
STOCK_0183,0.6046666666666667
STOCK_0184,0.7956666666666666
STOCK_0185,0.5593333333333333
STOCK_0186,0.572
STOCK_0187,0.45
STOCK_0188,0.026
STOCK_0189,0.56
STOCK_0190,0.469
STOCK_0191,0.4653333333333333
STOCK_0192,0.027333333333333334
STOCK_0193,0.612
STOCK_0194,0.016666666666666666
STOCK_0195,0.7706666666666667
STOCK_0196,0.3963333333333333
STOCK_0197,0.8693333333333333
STOCK_0198,0.506
STOCK_0199,0.32066666666666666
STOCK_0200,0.6366666666666667
STOCK_0201,0.17466666666666666
STOCK_0202,0.43266666666666664
STOCK_0203,0.8556666666666667
STOCK_0204,0.6106666666666667
STOCK_0205,0.5333333333333333
STOCK_0206,0.9
STOCK_0207,0.13133333333333333
STOCK_0208,0.9746666666666667
STOCK_0209,0.058666666666666666
STOCK_0210,0.20333333333333334
STOCK_0211,0.2833333333333333
STOCK_0212,0.7073333333333334
STOCK_0213,0.924
STOCK_0214,0.2866666666666667
STOCK_0215,0.9153333333333333
STOCK_0216,0.39
STOCK_0217,0.37333333333333335
STOCK_0218,0.709
STOCK_0219,0.42533333333333334
STOCK_0220,0.516
STOCK_0221,0.9316666666666666
STOCK_0222,0.41233333333333333
STOCK_0223,0.7343333333333333
STOCK_0224,0.8926666666666667
STOCK_0225,0.628
STOCK_0226,0.145
STOCK_0227,0.7526666666666667
STOCK_0228,0.8706666666666667
STOCK_0229,0.293
STOCK_0230,0.8003333333333333
STOCK_0231,0.7873333333333333
STOCK_0232,0.27
STOCK_0233,0.8066666666666666
STOCK_0234,0.242
STOCK_0235,0.182
STOCK_0236,0.266
STOCK_0237,0.03266666666666666
STOCK_0238,0.618
STOCK_0239,0.26266666666666666
STOCK_0240,0.6066666666666667
STOCK_0241,0.146
STOCK_0242,0.4513333333333333
STOCK_0243,0.6853333333333333
STOCK_0244,0.07866666666666666
STOCK_0245,0.7453333333333333
STOCK_0246,0.944
STOCK_0247,0.004
STOCK_0248,0.8003333333333333
STOCK_0249,0.7103333333333334
STOCK_0250,0.5546666666666666
STOCK_0251,0.9873333333333333
STOCK_0252,0.208
STOCK_0253,0.5733333333333334
STOCK_0254,0.5113333333333333
STOCK_0255,0.808
STOCK_0256,0.4166666666666667
STOCK_0257,0.37033333333333335
STOCK_0258,0.23933333333333334
STOCK_0259,0.25733333333333336
STOCK_0260,0.09733333333333333
STOCK_0261,0.6733333333333333
STOCK_0262,0.6693333333333333
STOCK_0263,0.813
STOCK_0264,0.44
STOCK_0265,0.35733333333333334
STOCK_0266,0.05266666666666667
STOCK_0267,0.10733333333333334
STOCK_0268,0.822
STOCK_0269,0.8173333333333334
STOCK_0270,0.5026666666666667
STOCK_0271,0.443
STOCK_0272,0.08866666666666667
STOCK_0273,0.584
STOCK_0274,0.39066666666666666
STOCK_0275,0.08066666666666666
STOCK_0276,0.53
STOCK_0277,0.38533333333333336
STOCK_0278,0.2813333333333333
STOCK_0279,0.11433333333333333
STOCK_0280,0.964
STOCK_0281,0.15933333333333333
STOCK_0282,0.04666666666666667
STOCK_0283,0.258
STOCK_0284,0.45
STOCK_0285,0.62
STOCK_0286,0.976
STOCK_0287,0.48833333333333334
STOCK_0288,0.741
STOCK_0289,0.925
STOCK_0290,0.205
STOCK_0291,0.16466666666666666
STOCK_0292,0.946
STOCK_0293,0.36666666666666664
STOCK_0294,0.09933333333333333
STOCK_0295,0.158
STOCK_0296,0.44666666666666666
STOCK_0297,0.978
STOCK_0298,0.7293333333333333
STOCK_0299,0.25466666666666665
STOCK_0300,0.799
STOCK_0301,0.25
STOCK_0302,0.7476666666666667
STOCK_0303,0.9383333333333334
STOCK_0304,0.981
STOCK_0305,0.23033333333333333
STOCK_0306,0.8023333333333333
STOCK_0307,0.037
STOCK_0308,0.014
STOCK_0309,0.79
STOCK_0310,0.798
STOCK_0311,0.9706666666666667
STOCK_0312,0.202
STOCK_0313,0.109
STOCK_0314,0.9773333333333334
STOCK_0315,0.4573333333333333
STOCK_0316,0.09333333333333334
STOCK_0317,0.319
STOCK_0318,0.7653333333333333
STOCK_0319,0.6833333333333333
STOCK_0320,0.12266666666666666
STOCK_0321,0.512
STOCK_0322,0.6793333333333333
STOCK_0323,0.9606666666666667
STOCK_0324,0.954
STOCK_0325,0.07766666666666666
STOCK_0326,0.7173333333333334
STOCK_0327,0.6643333333333333
STOCK_0328,0.7236666666666667
STOCK_0329,0.28733333333333333
STOCK_0330,0.18133333333333335
STOCK_0331,0.42866666666666664
STOCK_0332,0.398
STOCK_0333,0.47733333333333333
STOCK_0334,0.9736666666666667
STOCK_0335,0.32133333333333336
STOCK_0336,0.4643333333333333
STOCK_0337,0.04
STOCK_0338,0.016
STOCK_0339,0.9413333333333334
STOCK_0340,0.686
STOCK_0341,0.95
STOCK_0342,0.6083333333333333
STOCK_0343,0.7033333333333334
STOCK_0344,0.14066666666666666
STOCK_0345,0.08733333333333333
STOCK_0346,0.21733333333333332
STOCK_0347,0.362
STOCK_0348,0.8533333333333334
STOCK_0349,0.7883333333333333
STOCK_0350,0.69
STOCK_0351,0.2713333333333333
STOCK_0352,0.721
STOCK_0353,0.8643333333333333
STOCK_0354,0.30766666666666664
STOCK_0355,0.024666666666666667
STOCK_0356,0.3993333333333333
STOCK_0357,0.6973333333333334
STOCK_0358,0.8956666666666667
STOCK_0359,0.7126666666666667
STOCK_0360,0.662
STOCK_0361,0.7946666666666666
STOCK_0362,0.19533333333333333
STOCK_0363,0.35833333333333334
STOCK_0364,0.955
STOCK_0365,0.9353333333333333
STOCK_0366,0.8263333333333334
STOCK_0367,0.6126666666666667
STOCK_0368,0.7586666666666667
STOCK_0369,0.7973333333333333
STOCK_0370,0.06266666666666666
STOCK_0371,0.11333333333333333
STOCK_0372,0.16566666666666666
STOCK_0373,0.7113333333333334
STOCK_0374,0.955
STOCK_0375,0.892
STOCK_0376,0.364
STOCK_0377,0.6526666666666666
STOCK_0378,0.769
STOCK_0379,0.766
STOCK_0380,0.8413333333333334
STOCK_0381,0.5086666666666667
STOCK_0382,0.845
STOCK_0383,0.5453333333333333
STOCK_0384,0.48733333333333334
STOCK_0385,0.2673333333333333
STOCK_0386,0.638
STOCK_0387,0.5626666666666666
STOCK_0388,0.424
STOCK_0389,0.776
STOCK_0390,0.5793333333333334
STOCK_0391,0.2793333333333333
STOCK_0392,0.7343333333333333
STOCK_0393,0.5506666666666666
STOCK_0394,0.197
STOCK_0395,0.3933333333333333
STOCK_0396,0.504
STOCK_0397,0.192
STOCK_0398,0.18866666666666668
STOCK_0399,0.6406666666666667
STOCK_0400,0.9266666666666666
STOCK_0401,0.05533333333333333
STOCK_0402,0.9373333333333334
STOCK_0403,0.008666666666666666
STOCK_0404,0.07266666666666667
STOCK_0405,0.8596666666666667
STOCK_0406,0.701
STOCK_0407,0.9106666666666666
STOCK_0408,0.6373333333333333
STOCK_0409,0.5226666666666666
STOCK_0410,0.49266666666666664
STOCK_0411,0.5833333333333334
STOCK_0412,0.9213333333333333
STOCK_0413,0.088
STOCK_0414,0.6456666666666667
STOCK_0415,0.906
STOCK_0416,0.61
STOCK_0417,0.43133333333333335
STOCK_0418,0.37666666666666665
STOCK_0419,0.33866666666666667
STOCK_0420,0.20866666666666667
STOCK_0421,0.522
STOCK_0422,0.49666666666666665
STOCK_0423,0.737
STOCK_0424,0.375
STOCK_0425,0.622
STOCK_0426,0.47433333333333333
STOCK_0427,0.028666666666666667
STOCK_0428,0.45466666666666666
STOCK_0429,0.763
STOCK_0430,0.9846666666666667
STOCK_0431,0.466
STOCK_0432,0.5386666666666666
STOCK_0433,0.36133333333333334
STOCK_0434,0.534
STOCK_0435,0.714
STOCK_0436,0.821
STOCK_0437,0.6983333333333334
STOCK_0438,0.076
STOCK_0439,0.356
STOCK_0440,0.7893333333333333
STOCK_0441,0.5193333333333333
STOCK_0442,0.17666666666666667
STOCK_0443,0.16866666666666666
STOCK_0444,0.3403333333333333
STOCK_0445,0.6496666666666666
STOCK_0446,0.426
STOCK_0447,0.7866666666666666
STOCK_0448,0.623
STOCK_0449,0.136
STOCK_0450,0.19933333333333333
STOCK_0451,0.5903333333333334
STOCK_0452,0.7553333333333333
STOCK_0453,0.7646666666666667
STOCK_0454,0.7333333333333333
STOCK_0455,0.5646666666666667
STOCK_0456,0.41233333333333333
STOCK_0457,0.2753333333333333
STOCK_0458,0.2826666666666667
STOCK_0459,0.7833333333333333
STOCK_0460,0.31366666666666665
STOCK_0461,0.5076666666666667
STOCK_0462,0.08333333333333333
STOCK_0463,0.6886666666666666
STOCK_0464,0.119
STOCK_0465,0.12066666666666667
STOCK_0466,0.694
STOCK_0467,0.62
STOCK_0468,0.38866666666666666
STOCK_0469,0.04933333333333333
STOCK_0470,0.8166666666666667
STOCK_0471,0.5816666666666667
STOCK_0472,0.7706666666666667
STOCK_0473,0.21266666666666667
STOCK_0474,0.9493333333333334
STOCK_0475,0.3973333333333333
STOCK_0476,0.16966666666666666
STOCK_0477,0.176
STOCK_0478,0.6273333333333333
STOCK_0479,0.6746666666666666
STOCK_0480,0.4086666666666667
STOCK_0481,0.7193333333333334
STOCK_0482,0.6813333333333333
STOCK_0483,0.19866666666666666
STOCK_0484,0.706
STOCK_0485,0.07333333333333333
STOCK_0486,0.14866666666666667
STOCK_0487,0.032
STOCK_0488,0.0026666666666666666
STOCK_0489,0.18766666666666668
STOCK_0490,0.6136666666666667
STOCK_0491,0.9916666666666667
STOCK_0492,0.5786666666666667
STOCK_0493,0.2773333333333333
STOCK_0494,0.122
STOCK_0495,0.8773333333333333
STOCK_0496,0.8036666666666666
STOCK_0497,0.7826666666666666
STOCK_0498,0.588
STOCK_0499,0.6776666666666666
STOCK_0500,0.902
STOCK_0501,0.6293333333333333
STOCK_0502,0.32566666666666666
STOCK_0503,0.6613333333333333
STOCK_0504,0.342
STOCK_0505,0.6566666666666666
STOCK_0506,0.722
STOCK_0507,0.93
STOCK_0508,0.7616666666666667
STOCK_0509,0.26
STOCK_0510,0.49133333333333334
STOCK_0511,0.8843333333333333
STOCK_0512,0.8713333333333333
STOCK_0513,0.701
STOCK_0514,0.21333333333333335
STOCK_0515,0.832
STOCK_0516,0.43333333333333335
STOCK_0517,0.24933333333333332
STOCK_0518,0.732
STOCK_0519,0.897
STOCK_0520,0.145
STOCK_0521,0.41233333333333333
STOCK_0522,0.28933333333333333
STOCK_0523,0.6546666666666666
STOCK_0524,0.7733333333333333
STOCK_0525,0.7166666666666667
STOCK_0526,0.9866666666666667
STOCK_0527,0.7226666666666667
STOCK_0528,0.6213333333333333
STOCK_0529,0.434
STOCK_0530,0.438
STOCK_0531,0.9973333333333333
STOCK_0532,0.17733333333333334
STOCK_0533,0.12466666666666666
STOCK_0534,0.6416666666666667
STOCK_0535,0.9206666666666666
STOCK_0536,0.4796666666666667
STOCK_0537,0.6713333333333333
STOCK_0538,0.418
STOCK_0539,0.018666666666666668
STOCK_0540,0.7776666666666666
STOCK_0541,0.06533333333333333
STOCK_0542,0.7753333333333333
STOCK_0543,0.35433333333333333
STOCK_0544,0.394
STOCK_0545,0.952
STOCK_0546,0.08533333333333333
STOCK_0547,0.5746666666666667
STOCK_0548,0.24866666666666667
STOCK_0549,0.751
STOCK_0550,0.7676666666666667
STOCK_0551,0.9596666666666667
STOCK_0552,0.567
STOCK_0553,0.0006666666666666666
STOCK_0554,0.5136666666666667
STOCK_0555,0.04733333333333333
STOCK_0556,0.7733333333333333
STOCK_0557,0.24466666666666667
STOCK_0558,0.8683333333333333
STOCK_0559,0.9686666666666667
STOCK_0560,0.8363333333333334
STOCK_0561,0.6166666666666667
STOCK_0562,0.3403333333333333
STOCK_0563,0.312
STOCK_0564,0.8383333333333334
STOCK_0565,0.728
STOCK_0566,0.387
STOCK_0567,0.8433333333333334
STOCK_0568,0.736
STOCK_0569,0.086
STOCK_0570,0.276
STOCK_0571,0.5553333333333333
STOCK_0572,0.6286666666666667
STOCK_0573,0.6786666666666666
STOCK_0574,0.295
STOCK_0575,0.12733333333333333
STOCK_0576,0.4103333333333333
STOCK_0577,0.5826666666666667
STOCK_0578,0.739
STOCK_0579,0.8293333333333334
STOCK_0580,0.41533333333333333
STOCK_0581,0.014666666666666666
STOCK_0582,0.007333333333333333
STOCK_0583,0.5186666666666667
STOCK_0584,0.8753333333333333
STOCK_0585,0.25633333333333336
STOCK_0586,0.3473333333333333
STOCK_0587,0.5753333333333334
STOCK_0588,0.3393333333333333
STOCK_0589,0.9853333333333333
STOCK_0590,0.5046666666666667
STOCK_0591,0.30966666666666665
STOCK_0592,0.42
STOCK_0593,0.752
STOCK_0594,0.984
STOCK_0595,0.7153333333333334
STOCK_0596,0.9793333333333333
STOCK_0597,0.334
STOCK_0598,0.21933333333333332
STOCK_0599,0.006666666666666667
STOCK_0600,0.4553333333333333
STOCK_0601,0.23033333333333333
STOCK_0602,0.9326666666666666
STOCK_0603,0.8346666666666667
STOCK_0604,0.634
STOCK_0605,0.799
STOCK_0606,0.42133333333333334
STOCK_0607,0.44533333333333336
STOCK_0608,0.2846666666666667
STOCK_0609,0.6393333333333333
STOCK_0610,0.728
STOCK_0611,0.3453333333333333
STOCK_0612,0.13
STOCK_0613,0.6733333333333333
STOCK_0614,0.4206666666666667
STOCK_0615,0.8786666666666667
STOCK_0616,0.43666666666666665
STOCK_0617,0.9483333333333334
STOCK_0618,0.5816666666666667
STOCK_0619,0.8183333333333334
STOCK_0620,0.94
STOCK_0621,0.08266666666666667
STOCK_0622,0.3303333333333333
STOCK_0623,0.898
STOCK_0624,0.8853333333333333
STOCK_0625,0.20733333333333334
STOCK_0626,0.599
STOCK_0627,0.25066666666666665
STOCK_0628,0.9293333333333333
STOCK_0629,0.6506666666666666
STOCK_0630,0.532
STOCK_0631,0.046
STOCK_0632,0.8073333333333333
STOCK_0633,0.009333333333333334
STOCK_0634,0.244
STOCK_0635,0.03933333333333333
STOCK_0636,0.226
STOCK_0637,0.236
STOCK_0638,0.599
STOCK_0639,0.546
STOCK_0640,0.5393333333333333
STOCK_0641,0.14
STOCK_0642,0.11066666666666666
STOCK_0643,0.5586666666666666
STOCK_0644,0.132
STOCK_0645,0.8746666666666667
STOCK_0646,0.7933333333333333
STOCK_0647,0.9193333333333333
STOCK_0648,0.20133333333333334
STOCK_0649,0.5866666666666667
STOCK_0650,0.6186666666666667
STOCK_0651,0.9406666666666667
STOCK_0652,0.7493333333333333
STOCK_0653,0.11133333333333334
STOCK_0654,0.658
STOCK_0655,0.28833333333333333
STOCK_0656,0.304
STOCK_0657,0.45266666666666666
STOCK_0658,0.017333333333333333
STOCK_0659,0.9576666666666667
STOCK_0660,0.8586666666666667
STOCK_0661,0.0013333333333333333
STOCK_0662,0.4756666666666667
STOCK_0663,0.8253333333333334
STOCK_0664,0.6346666666666667
STOCK_0665,0.739
STOCK_0666,0.3566666666666667
STOCK_0667,0.5236666666666666
STOCK_0668,0.204
STOCK_0669,0.32866666666666666
STOCK_0670,0.4003333333333333
STOCK_0671,0.18333333333333332
STOCK_0672,0.43933333333333335
STOCK_0673,0.376
STOCK_0674,0.9946666666666667
STOCK_0675,0.5136666666666667
STOCK_0676,0.4483333333333333
STOCK_0677,0.068
STOCK_0678,0.595
STOCK_0679,0.8633333333333333
STOCK_0680,0.8956666666666667
STOCK_0681,0.103
STOCK_0682,0.6866666666666666
STOCK_0683,0.044
STOCK_0684,0.742
STOCK_0685,0.293
STOCK_0686,0.49533333333333335
STOCK_0687,0.994
STOCK_0688,0.83
STOCK_0689,0.092
STOCK_0690,1.0
STOCK_0691,0.319
STOCK_0692,0.11733333333333333
STOCK_0693,0.22866666666666666
STOCK_0694,0.7913333333333333
STOCK_0695,0.2786666666666667
STOCK_0696,0.23133333333333334
STOCK_0697,0.106
STOCK_0698,0.30666666666666664
STOCK_0699,0.286
STOCK_0700,0.7746666666666666
STOCK_0701,0.2653333333333333
STOCK_0702,0.904
STOCK_0703,0.27666666666666667
STOCK_0704,0.688
STOCK_0705,0.07533333333333334
STOCK_0706,0.4633333333333333
STOCK_0707,0.4703333333333333
STOCK_0708,0.015333333333333332
STOCK_0709,0.008
STOCK_0710,0.316
STOCK_0711,0.764
STOCK_0712,0.468
STOCK_0713,0.252
STOCK_0714,0.273
STOCK_0715,0.16133333333333333
STOCK_0716,0.6633333333333333
STOCK_0717,0.9033333333333333
STOCK_0718,0.22133333333333333
STOCK_0719,0.9453333333333334
STOCK_0720,0.6626666666666666
STOCK_0721,0.22666666666666666
STOCK_0722,0.72
STOCK_0723,0.43033333333333335
STOCK_0724,0.31733333333333336
STOCK_0725,0.988
STOCK_0726,0.9433333333333334
STOCK_0727,0.4103333333333333
STOCK_0728,0.2916666666666667
STOCK_0729,0.4093333333333333
STOCK_0730,0.21466666666666667
STOCK_0731,0.568
STOCK_0732,0.5016666666666667
STOCK_0733,0.6733333333333333
STOCK_0734,0.025333333333333333
STOCK_0735,0.5433333333333333
STOCK_0736,0.566
STOCK_0737,0.8826666666666667
STOCK_0738,0.5236666666666666
STOCK_0739,0.387
STOCK_0740,0.3526666666666667
STOCK_0741,0.11533333333333333
STOCK_0742,0.6246666666666667
STOCK_0743,0.228
STOCK_0744,0.37866666666666665
STOCK_0745,0.49933333333333335
STOCK_0746,0.295
STOCK_0747,0.6466666666666666
STOCK_0748,0.218
STOCK_0749,0.29633333333333334
STOCK_0750,0.12333333333333334
STOCK_0751,0.238
STOCK_0752,0.5066666666666667
STOCK_0753,0.10066666666666667
STOCK_0754,0.07
STOCK_0755,0.3273333333333333
STOCK_0756,0.966
STOCK_0757,0.16666666666666666
STOCK_0758,0.3953333333333333
STOCK_0759,0.8516666666666667
STOCK_0760,0.6146666666666667
STOCK_0761,0.12066666666666667
STOCK_0762,0.25533333333333336
STOCK_0763,0.30333333333333334
STOCK_0764,0.3963333333333333
STOCK_0765,0.15233333333333332
STOCK_0766,0.15133333333333332
STOCK_0767,0.536
STOCK_0768,0.18066666666666667
STOCK_0769,0.6766666666666666
STOCK_0770,0.348
STOCK_0771,0.25266666666666665
STOCK_0772,0.8463333333333334
STOCK_0773,0.9316666666666666
STOCK_0774,0.9473333333333334
STOCK_0775,0.33666666666666667
STOCK_0776,0.7066666666666667
STOCK_0777,0.26066666666666666
STOCK_0778,0.023333333333333334
STOCK_0779,0.043
STOCK_0780,0.6656666666666666
STOCK_0781,0.058
STOCK_0782,0.823
STOCK_0783,0.811
STOCK_0784,0.39866666666666667
STOCK_0785,0.8336666666666667
STOCK_0786,0.06133333333333333
STOCK_0787,0.134
STOCK_0788,0.624
STOCK_0789,0.814
STOCK_0790,0.45
STOCK_0791,0.108
STOCK_0792,0.222
STOCK_0793,0.402
STOCK_0794,0.403
STOCK_0795,0.19
STOCK_0796,0.18666666666666668
STOCK_0797,0.92
STOCK_0798,0.38166666666666665
STOCK_0799,0.31666666666666665
STOCK_0800,0.164
STOCK_0801,0.956
STOCK_0802,0.048
STOCK_0803,0.12866666666666668
STOCK_0804,0.31066666666666665
STOCK_0805,0.6326666666666667
STOCK_0806,0.118
STOCK_0807,0.01
STOCK_0808,0.4073333333333333
STOCK_0809,0.404
STOCK_0810,0.926
STOCK_0811,0.6813333333333333
STOCK_0812,0.16266666666666665
STOCK_0813,0.603
STOCK_0814,0.294
STOCK_0815,0.756
STOCK_0816,0.5293333333333333
STOCK_0817,0.5076666666666667
STOCK_0818,0.06333333333333334
STOCK_0819,0.8263333333333334
STOCK_0820,0.42233333333333334
STOCK_0821,0.05
STOCK_0822,0.11666666666666667
STOCK_0823,0.178
STOCK_0824,0.013333333333333334
STOCK_0825,0.9393333333333334
STOCK_0826,0.3466666666666667
STOCK_0827,0.035333333333333335
STOCK_0828,0.9526666666666667
STOCK_0829,0.6926666666666667
STOCK_0830,0.2
STOCK_0831,0.16966666666666666
STOCK_0832,0.8086666666666666
STOCK_0833,0.7766666666666666
STOCK_0834,0.7476666666666667
STOCK_0835,0.28
STOCK_0836,0.212
STOCK_0837,0.38266666666666665
STOCK_0838,0.8383333333333334
STOCK_0839,0.5776666666666667
STOCK_0840,0.667
STOCK_0841,0.5206666666666667
STOCK_0842,0.25133333333333335
STOCK_0843,0.062
STOCK_0844,0.876
STOCK_0845,0.5486666666666666
STOCK_0846,0.06466666666666666
STOCK_0847,0.9013333333333333
STOCK_0848,0.8336666666666667
STOCK_0849,0.8793333333333333
STOCK_0850,0.616
STOCK_0851,0.7733333333333333
STOCK_0852,0.8913333333333333
STOCK_0853,0.9133333333333333
STOCK_0854,0.5273333333333333
STOCK_0855,0.595
STOCK_0856,0.45666666666666667
STOCK_0857,0.9893333333333333
STOCK_0858,0.006
STOCK_0859,0.32233333333333336
STOCK_0860,0.35533333333333333
STOCK_0861,0.7
STOCK_0862,0.436
STOCK_0863,0.32466666666666666
STOCK_0864,0.112
STOCK_0865,0.6496666666666666
STOCK_0866,0.8596666666666667
STOCK_0867,0.36733333333333335
STOCK_0868,0.206
STOCK_0869,0.416
STOCK_0870,0.103
STOCK_0871,0.2743333333333333
STOCK_0872,0.184
STOCK_0873,0.763
STOCK_0874,0.8606666666666667
STOCK_0875,0.9993333333333333
STOCK_0876,0.49
STOCK_0877,0.4806666666666667
STOCK_0878,0.97
STOCK_0879,0.282
STOCK_0880,0.6913333333333334
STOCK_0881,0.728
STOCK_0882,0.4713333333333333
STOCK_0883,0.7706666666666667
STOCK_0884,0.109
STOCK_0885,0.981
STOCK_0886,0.9673333333333334
STOCK_0887,0.746
STOCK_0888,0.19333333333333333
STOCK_0889,0.37733333333333335
STOCK_0890,0.5426666666666666
STOCK_0891,0.3606666666666667
STOCK_0892,0.5443333333333333
STOCK_0893,0.13466666666666666
STOCK_0894,0.811
STOCK_0895,0.8666666666666667
STOCK_0896,0.452
STOCK_0897,0.3526666666666667
STOCK_0898,0.066
STOCK_0899,0.542
STOCK_0900,0.6813333333333333
STOCK_0901,0.9166666666666666
STOCK_0902,0.198
STOCK_0903,0.25866666666666666
STOCK_0904,0.598
STOCK_0905,0.04466666666666667
STOCK_0906,0.592
STOCK_0907,0.16733333333333333
STOCK_0908,0.6776666666666666
STOCK_0909,0.942
STOCK_0910,0.25366666666666665
STOCK_0911,0.9026666666666666
STOCK_0912,0.26866666666666666
STOCK_0913,0.9586666666666667
STOCK_0914,0.22933333333333333
STOCK_0915,0.12066666666666667
STOCK_0916,0.021
STOCK_0917,0.20666666666666667
STOCK_0918,0.234
STOCK_0919,0.7856666666666666
STOCK_0920,0.002
STOCK_0921,0.458
STOCK_0922,0.14966666666666667
STOCK_0923,0.31366666666666665
STOCK_0924,0.8766666666666667
STOCK_0925,0.172
STOCK_0926,0.019333333333333334
STOCK_0927,0.13866666666666666
STOCK_0928,0.278
STOCK_0929,0.07766666666666666
STOCK_0930,0.232
STOCK_0931,0.4056666666666667
STOCK_0932,0.4766666666666667
STOCK_0933,0.6013333333333334
STOCK_0934,0.8863333333333333
STOCK_0935,0.24533333333333332
STOCK_0936,0.22
STOCK_0937,0.4816666666666667
STOCK_0938,0.454
STOCK_0939,0.09
STOCK_0940,0.5166666666666667
STOCK_0941,0.6586666666666666
STOCK_0942,0.604
STOCK_0943,0.06066666666666667
STOCK_0944,0.9226666666666666
STOCK_0945,0.369
STOCK_0946,0.084
STOCK_0947,0.7776666666666666
STOCK_0948,0.596
STOCK_0949,0.9173333333333333
STOCK_0950,0.5733333333333334
STOCK_0951,0.233
STOCK_0952,0.156
STOCK_0953,0.632
STOCK_0954,0.6966666666666667
STOCK_0955,0.8936666666666667
STOCK_0956,0.538
STOCK_0957,0.7126666666666667
STOCK_0958,0.366
STOCK_0959,0.19266666666666668
STOCK_0960,0.5473333333333333
STOCK_0961,0.29933333333333334
STOCK_0962,0.692
STOCK_0963,0.462
STOCK_0964,0.9483333333333334
STOCK_0965,0.0033333333333333335
STOCK_0966,0.597
STOCK_0967,0.922
STOCK_0968,0.9306666666666666
STOCK_0969,0.018
STOCK_0970,0.3506666666666667
STOCK_0971,0.5766666666666667
STOCK_0972,0.6906666666666667
STOCK_0973,0.09866666666666667
STOCK_0974,0.9926666666666667
STOCK_0975,0.5846666666666667
STOCK_0976,0.8546666666666667
STOCK_0977,0.7146666666666667
STOCK_0978,0.22333333333333333
STOCK_0979,0.5126666666666667
STOCK_0980,0.782
STOCK_0981,0.7616666666666667
STOCK_0982,0.22066666666666668
STOCK_0983,0.9126666666666666
STOCK_0984,0.15233333333333332
STOCK_0985,0.4796666666666667
STOCK_0986,0.35133333333333333
STOCK_0987,0.9826666666666667
STOCK_0988,0.2743333333333333
STOCK_0989,0.08466666666666667
STOCK_0990,0.22266666666666668
STOCK_0991,0.9726666666666667
STOCK_0992,0.10466666666666667
STOCK_0993,0.022
STOCK_0994,0.030666666666666665
STOCK_0995,0.6303333333333333
STOCK_0996,0.754
STOCK_0997,0.051333333333333335
STOCK_0998,0.9146666666666666
STOCK_0999,0.9333333333333333
STOCK_1000,0.48833333333333334
STOCK_1001,0.38066666666666665
STOCK_1002,0.8463333333333334
STOCK_1003,0.7576666666666667
STOCK_1004,0.8046666666666666
STOCK_1005,0.7796666666666666
STOCK_1006,0.7246666666666667
STOCK_1007,0.043
STOCK_1008,0.18
STOCK_1009,0.435
STOCK_1010,0.5146666666666667
STOCK_1011,0.32566666666666666
STOCK_1012,0.07133333333333333
STOCK_1013,0.03
STOCK_1014,0.3
STOCK_1015,0.9693333333333334
STOCK_1016,0.082
STOCK_1017,0.9286666666666666
STOCK_1018,0.09466666666666666
STOCK_1019,0.7443333333333333
STOCK_1020,0.5733333333333334
STOCK_1021,0.442
STOCK_1022,0.597
STOCK_1023,0.30966666666666665
STOCK_1024,0.567
STOCK_1025,0.38166666666666665
STOCK_1026,0.9626666666666667
STOCK_1027,0.4533333333333333
STOCK_1028,0.5033333333333333
STOCK_1029,0.24333333333333335
STOCK_1030,0.7266666666666667
STOCK_1031,0.7546666666666667
STOCK_1032,0.02
STOCK_1033,0.18466666666666667
STOCK_1034,0.9613333333333334
STOCK_1035,0.8673333333333333
STOCK_1036,0.5526666666666666
STOCK_1037,0.9113333333333333
STOCK_1038,0.6933333333333334
STOCK_1039,0.5903333333333334
STOCK_1040,0.3313333333333333
STOCK_1041,0.13533333333333333
STOCK_1042,0.6473333333333333
STOCK_1043,0.84
STOCK_1044,0.844
STOCK_1045,0.8473333333333334
STOCK_1046,0.24766666666666667
STOCK_1047,0.594
STOCK_1048,0.668
STOCK_1049,0.7956666666666666
STOCK_1050,0.26166666666666666
STOCK_1051,0.5653333333333334
STOCK_1052,0.011333333333333334
STOCK_1053,0.737
STOCK_1054,0.548
STOCK_1055,0.918
STOCK_1056,0.5926666666666667
STOCK_1057,0.8493333333333334
STOCK_1058,0.5533333333333333
STOCK_1059,0.369
STOCK_1060,0.718
STOCK_1061,0.6603333333333333
STOCK_1062,0.214
STOCK_1063,0.15733333333333333
STOCK_1064,0.5853333333333334
STOCK_1065,0.8373333333333334
STOCK_1066,0.14266666666666666
STOCK_1067,0.552
STOCK_1068,0.9093333333333333
STOCK_1069,0.004666666666666667
STOCK_1070,0.2986666666666667
STOCK_1071,0.2916666666666667
STOCK_1072,0.197
STOCK_1073,0.346
STOCK_1074,0.6083333333333333
STOCK_1075,0.42233333333333334
STOCK_1076,0.9766666666666667
STOCK_1077,0.427
STOCK_1078,0.21066666666666667
STOCK_1079,0.8486666666666667
STOCK_1080,0.4003333333333333
STOCK_1081,0.7813333333333333
STOCK_1082,0.4866666666666667
STOCK_1083,0.38433333333333336
STOCK_1084,0.816
STOCK_1085,0.5693333333333334
STOCK_1086,0.09666666666666666
STOCK_1087,0.04533333333333334
STOCK_1088,0.4703333333333333
STOCK_1089,0.444
STOCK_1090,0.21
STOCK_1091,0.14333333333333334
STOCK_1092,0.848
STOCK_1093,0.438
STOCK_1094,0.5213333333333333
STOCK_1095,0.64
STOCK_1096,0.41233333333333333
STOCK_1097,0.5933333333333334
STOCK_1098,0.104
STOCK_1099,0.8036666666666666
STOCK_1100,0.8623333333333333
STOCK_1101,0.17133333333333334
STOCK_1102,0.8573333333333333
STOCK_1103,0.06666666666666667
STOCK_1104,0.10666666666666667
STOCK_1105,0.48933333333333334
STOCK_1106,0.8613333333333333
STOCK_1107,0.30266666666666664
STOCK_1108,0.8726666666666667
STOCK_1109,0.9596666666666667
STOCK_1110,0.06933333333333333
STOCK_1111,0.26166666666666666
STOCK_1112,0.456
STOCK_1113,0.32366666666666666
STOCK_1114,0.414
STOCK_1115,0.6056666666666667
STOCK_1116,0.32
STOCK_1117,0.6266666666666667
STOCK_1118,0.8053333333333333
STOCK_1119,0.644
STOCK_1120,0.3006666666666667
STOCK_1121,0.4246666666666667
STOCK_1122,0.029333333333333333
STOCK_1123,0.7026666666666667
STOCK_1124,0.072
STOCK_1125,0.743
STOCK_1126,0.49333333333333335
STOCK_1127,0.6993333333333334
STOCK_1128,0.41733333333333333
STOCK_1129,0.9046666666666666
STOCK_1130,0.5016666666666667
STOCK_1131,0.769
STOCK_1132,0.648
STOCK_1133,0.576
STOCK_1134,0.328
STOCK_1135,0.4066666666666667
STOCK_1136,0.972
STOCK_1137,0.8566666666666667
STOCK_1138,0.18766666666666668
STOCK_1139,0.3486666666666667
STOCK_1140,0.07466666666666667
STOCK_1141,0.31366666666666665
STOCK_1142,0.6446666666666667
STOCK_1143,0.5703333333333334
STOCK_1144,0.518
STOCK_1145,0.6303333333333333
STOCK_1146,0.9186666666666666
STOCK_1147,0.403
STOCK_1148,0.7913333333333333
STOCK_1149,0.3626666666666667
STOCK_1150,0.216
STOCK_1151,0.492
STOCK_1152,0.823
STOCK_1153,0.7103333333333334
STOCK_1154,0.9633333333333334
STOCK_1155,0.012
STOCK_1156,0.6056666666666667
STOCK_1157,0.5806666666666667
STOCK_1158,0.7326666666666667
STOCK_1159,0.89
STOCK_1160,0.7353333333333333
STOCK_1161,0.5153333333333333
STOCK_1162,0.6533333333333333
STOCK_1163,0.3353333333333333
STOCK_1164,0.7253333333333334
STOCK_1165,0.050666666666666665
STOCK_1166,0.06866666666666667
STOCK_1167,0.32666666666666666
STOCK_1168,0.273
STOCK_1169,0.18266666666666667
STOCK_1170,0.8306666666666667
STOCK_1171,0.22533333333333333
STOCK_1172,0.7913333333333333
STOCK_1173,0.557
STOCK_1174,0.23533333333333334
STOCK_1175,0.11433333333333333
STOCK_1176,0.3293333333333333
STOCK_1177,0.17333333333333334
STOCK_1178,0.8936666666666667
STOCK_1179,0.874
STOCK_1180,0.446
STOCK_1181,0.982
STOCK_1182,0.6873333333333334
STOCK_1183,0.443
STOCK_1184,0.46066666666666667
STOCK_1185,0.6386666666666667
STOCK_1186,0.338
STOCK_1187,0.37233333333333335
STOCK_1188,0.5313333333333333
STOCK_1189,0.9086666666666666
STOCK_1190,0.37233333333333335
STOCK_1191,0.20266666666666666
STOCK_1192,0.821
STOCK_1193,0.44066666666666665
STOCK_1194,0.21133333333333335
STOCK_1195,0.8826666666666667
STOCK_1196,0.7666666666666667
STOCK_1197,0.9916666666666667
STOCK_1198,0.813
STOCK_1199,0.89
STOCK_1200,0.13333333333333333
STOCK_1201,0.721
STOCK_1202,0.5253333333333333
STOCK_1203,0.4013333333333333
STOCK_1204,0.8733333333333333
STOCK_1205,0.096
STOCK_1206,0.35933333333333334
STOCK_1207,0.05466666666666667
STOCK_1208,0.6173333333333333
STOCK_1209,0.7796666666666666
STOCK_1210,0.9006666666666666
STOCK_1211,0.05733333333333333
STOCK_1212,0.005333333333333333
STOCK_1213,0.9273333333333333
STOCK_1214,0.9906666666666667
STOCK_1215,0.38
STOCK_1216,0.9646666666666667
STOCK_1217,0.51
STOCK_1218,0.8826666666666667
STOCK_1219,0.557
STOCK_1220,0.89
STOCK_1221,0.8153333333333334
STOCK_1222,0.47333333333333333
STOCK_1223,0.034666666666666665
STOCK_1224,0.36466666666666664
STOCK_1225,0.064
STOCK_1226,0.392
STOCK_1227,0.5496666666666666
STOCK_1228,0.806
STOCK_1229,0.8146666666666667
STOCK_1230,0.7053333333333334
STOCK_1231,0.306
STOCK_1232,0.8276666666666667
STOCK_1233,0.174
STOCK_1234,0.716
STOCK_1235,0.556
STOCK_1236,0.5173333333333333
STOCK_1237,0.39266666666666666
STOCK_1238,0.5266666666666666
STOCK_1239,0.6553333333333333
STOCK_1240,0.7926666666666666
STOCK_1241,0.23866666666666667
STOCK_1242,0.67
STOCK_1243,0.037
STOCK_1244,0.6603333333333333
STOCK_1245,0.6073333333333333
STOCK_1246,0.626
STOCK_1247,0.7676666666666667
STOCK_1248,0.9366666666666666
STOCK_1249,0.751
STOCK_1250,0.7606666666666667
STOCK_1251,0.4056666666666667
STOCK_1252,0.408
STOCK_1253,0.378
STOCK_1254,0.49866666666666665
STOCK_1255,0.09266666666666666
STOCK_1256,0.142
STOCK_1257,0.056
STOCK_1258,0.925
STOCK_1259,0.11266666666666666
STOCK_1260,0.44466666666666665
STOCK_1261,0.059666666666666666
STOCK_1262,0.537
STOCK_1263,0.17266666666666666
STOCK_1264,0.9886666666666667
STOCK_1265,0.07666666666666666
STOCK_1266,0.17933333333333334
STOCK_1267,0.743
STOCK_1268,0.498
STOCK_1269,0.13066666666666665
STOCK_1270,0.486
STOCK_1271,0.74
STOCK_1272,0.021
STOCK_1273,0.04133333333333333
STOCK_1274,0.6
STOCK_1275,0.13666666666666666
STOCK_1276,0.11
STOCK_1277,0.3333333333333333
STOCK_1278,0.8326666666666667
STOCK_1279,0.7846666666666666
STOCK_1280,0.4836666666666667
STOCK_1281,0.654
STOCK_1282,0.794
STOCK_1283,0.51
STOCK_1284,0.897
STOCK_1285,0.586
STOCK_1286,0.03866666666666667
STOCK_1287,0.42333333333333334
STOCK_1288,0.16066666666666668
STOCK_1289,0.9713333333333334
STOCK_1290,0.162
STOCK_1291,0.8873333333333333
STOCK_1292,0.094
STOCK_1293,0.438
STOCK_1294,0.5613333333333334
STOCK_1295,0.908
STOCK_1296,0.13933333333333334
STOCK_1297,0.9753333333333334
STOCK_1298,0.9533333333333334
STOCK_1299,0.8516666666666667
STOCK_1300,0.51
STOCK_1301,0.15866666666666668
STOCK_1302,0.30466666666666664
STOCK_1303,0.5776666666666667
STOCK_1304,0.4643333333333333
STOCK_1305,0.30866666666666664
STOCK_1306,0.102
STOCK_1307,0.812
STOCK_1308,0.47833333333333333
STOCK_1309,0.08066666666666666
STOCK_1310,0.5606666666666666
STOCK_1311,0.6753333333333333
STOCK_1312,0.2976666666666667
STOCK_1313,0.19133333333333333
STOCK_1314,0.33266666666666667
STOCK_1315,0.08933333333333333
STOCK_1316,0.4483333333333333
STOCK_1317,0.31133333333333335
STOCK_1318,0.2906666666666667
STOCK_1319,0.3303333333333333
STOCK_1320,0.704
STOCK_1321,0.866
STOCK_1322,0.676
STOCK_1323,0.8863333333333333
STOCK_1324,0.7443333333333333
STOCK_1325,0.88
STOCK_1326,0.4593333333333333
STOCK_1327,0.02266666666666667
STOCK_1328,0.38433333333333336
STOCK_1329,0.49466666666666664
STOCK_1330,0.25366666666666665
STOCK_1331,0.9513333333333334
STOCK_1332,0.643
STOCK_1333,0.116
STOCK_1334,0.3413333333333333
STOCK_1335,0.336
STOCK_1336,0.12533333333333332
STOCK_1337,0.24
STOCK_1338,0.6846666666666666
STOCK_1339,0.29633333333333334
STOCK_1340,0.1
STOCK_1341,0.85
STOCK_1342,0.46
STOCK_1343,0.934
STOCK_1344,0.30533333333333335
STOCK_1345,0.4826666666666667
STOCK_1346,0.741
STOCK_1347,0.32233333333333336
STOCK_1348,0.16
STOCK_1349,0.845
STOCK_1350,0.388
STOCK_1351,0.12933333333333333
STOCK_1352,0.8193333333333334
STOCK_1353,0.928
STOCK_1354,0.16566666666666666
STOCK_1355,0.3016666666666667
STOCK_1356,0.056666666666666664
STOCK_1357,0.23733333333333334
STOCK_1358,0.22466666666666665
STOCK_1359,0.435
STOCK_1360,0.8353333333333334
STOCK_1361,0.419
STOCK_1362,0.46266666666666667
STOCK_1363,0.5346666666666666
STOCK_1364,0.562
STOCK_1365,0.6313333333333333
STOCK_1366,0.986
STOCK_1367,0.024
STOCK_1368,0.8506666666666667
STOCK_1369,0.17866666666666667
STOCK_1370,0.485
STOCK_1371,0.30766666666666664
STOCK_1372,0.15666666666666668
STOCK_1373,0.37033333333333335
STOCK_1374,0.9506666666666667
STOCK_1375,0.28833333333333333
STOCK_1376,0.154
STOCK_1377,0.264
STOCK_1378,0.3913333333333333
STOCK_1379,0.49733333333333335
STOCK_1380,0.6153333333333333
STOCK_1381,0.03133333333333333
STOCK_1382,0.772
STOCK_1383,0.47833333333333333
STOCK_1384,0.872
STOCK_1385,0.494
STOCK_1386,0.14733333333333334
STOCK_1387,0.3373333333333333
STOCK_1388,0.3426666666666667
STOCK_1389,0.6706666666666666
STOCK_1390,0.4146666666666667
STOCK_1391,0.8093333333333333
STOCK_1392,0.6253333333333333
STOCK_1393,0.012666666666666666
STOCK_1394,0.7966666666666666
STOCK_1395,0.87
STOCK_1396,0.8183333333333334
STOCK_1397,0.7313333333333333
STOCK_1398,0.148
STOCK_1399,0.726
STOCK_1400,0.469
STOCK_1401,0.17533333333333334
STOCK_1402,0.419
STOCK_1403,0.8526666666666667
STOCK_1404,0.5873333333333334
STOCK_1405,0.39466666666666667
STOCK_1406,0.42933333333333334
STOCK_1407,0.052
STOCK_1408,0.074
STOCK_1409,0.374
STOCK_1410,0.09066666666666667
STOCK_1411,0.31533333333333335
STOCK_1412,0.7186666666666667
STOCK_1413,0.554
STOCK_1414,0.8623333333333333
STOCK_1415,0.6333333333333333
STOCK_1416,0.38333333333333336
STOCK_1417,0.52
STOCK_1418,0.526
STOCK_1419,0.08066666666666666
STOCK_1420,0.8313333333333334
STOCK_1421,0.996
STOCK_1422,0.3446666666666667
STOCK_1423,0.912
STOCK_1424,0.9566666666666667
STOCK_1425,0.6093333333333333
STOCK_1426,0.6643333333333333
STOCK_1427,0.9933333333333333
STOCK_1428,0.3893333333333333
STOCK_1429,0.9066666666666666
STOCK_1430,0.8013333333333333
STOCK_1431,0.224
STOCK_1432,0.73
STOCK_1433,0.936
STOCK_1434,0.636
STOCK_1435,0.49066666666666664
STOCK_1436,0.6946666666666667
STOCK_1437,0.8653333333333333
STOCK_1438,0.427
STOCK_1439,0.44133333333333336
STOCK_1440,0.26666666666666666
STOCK_1441,0.33466666666666667
STOCK_1442,0.6573333333333333
STOCK_1443,0.9466666666666667
STOCK_1444,0.589
STOCK_1445,0.8683333333333333
STOCK_1446,0.5326666666666666
STOCK_1447,0.284
STOCK_1448,0.02666666666666667
STOCK_1449,0.038
STOCK_1450,0.098
STOCK_1451,0.20933333333333334
STOCK_1452,0.9986666666666667
STOCK_1453,0.16333333333333333
STOCK_1454,0.27066666666666667
STOCK_1455,0.472
STOCK_1456,0.29
STOCK_1457,0.708
STOCK_1458,0.8993333333333333
STOCK_1459,0.028
STOCK_1460,0.5
STOCK_1461,0.9736666666666667
STOCK_1462,0.9383333333333334
STOCK_1463,0.059666666666666666
STOCK_1464,0.23666666666666666
STOCK_1465,0.5443333333333333
STOCK_1466,0.9673333333333334
STOCK_1467,0.47433333333333333
STOCK_1468,0.6593333333333333
STOCK_1469,0.2806666666666667
STOCK_1470,0.4836666666666667
STOCK_1471,0.2693333333333333
STOCK_1472,0.485
STOCK_1473,0.168
STOCK_1474,0.34933333333333333
STOCK_1475,0.128
STOCK_1476,0.7883333333333333
STOCK_1477,0.858
STOCK_1478,0.21866666666666668
STOCK_1479,0.8406666666666667
STOCK_1480,0.5006666666666667
STOCK_1481,0.99
STOCK_1482,0.15533333333333332
STOCK_1483,0.35833333333333334
STOCK_1484,0.962
STOCK_1485,0.375
STOCK_1486,0.18566666666666667
STOCK_1487,0.344
STOCK_1488,0.998
STOCK_1489,0.09133333333333334
STOCK_1490,0.06733333333333333
STOCK_1491,0.643
STOCK_1492,0.8886666666666667
STOCK_1493,0.5513333333333333
STOCK_1494,0.667
STOCK_1495,0.3433333333333333
STOCK_1496,0.368
STOCK_1497,0.4816666666666667
STOCK_1498,0.58
STOCK_1499,0.672
STOCK_1500,0.6416666666666667
